name,brand_name,category
色彩雫　朝顔,PILOT（パイロット）,青色
色彩雫　紫陽花,PILOT（パイロット）,青色
色彩雫　紺碧,PILOT（パイロット）,青色
色彩雫　月夜,PILOT（パイロット）,青色
色彩雫　孔雀,PILOT（パイロット）,緑色
色彩雫　松露,PILOT（パイロット）,緑色
色彩雫　冬将軍,PILOT（パイロット）,グレー
色彩雫　紅葉,PILOT（パイロット）,赤色
色彩雫　山葡萄,PILOT（パイロット）,紫色
色彩雫　夕焼け,PILOT（パイロット）,黄色
色彩雫　冬柿,PILOT（パイロット）,オレンジ色
色彩雫　山栗,PILOT（パイロット）,茶色
色彩雫　紫式部,PILOT（パイロット）,紫色
色彩雫　竹林,PILOT（パイロット）,緑色
色彩雫　竹炭,PILOT（パイロット）,黒
色彩雫　深海,PILOT（パイロット）,青色
色彩雫　天色,PILOT（パイロット）,青色
色彩雫　花筏,PILOT（パイロット）,ピンク色
色彩雫　蛍火,PILOT（パイロット）,黄色
色彩雫　翠玉,PILOT（パイロット）,緑色
色彩雫　燈路,PILOT（パイロット）,オレンジ色
色彩雫　春暁,PILOT（パイロット）,紫色
色彩雫　六花,PILOT（パイロット）,青色
強色（TSUWAIRO)　ブラック,PILOT（パイロット）,黒
強色（TSUWAIRO)　ブルーブラック,PILOT（パイロット）,青色
強色（TSUWAIRO)　ブルー,PILOT（パイロット）,青色
SHIKIORI ―四季織―　時雨,SAILOR（セーラー万年筆）,紫色
SHIKIORI ―四季織―　常盤松,SAILOR（セーラー万年筆）,緑色
SHIKIORI ―四季織―　匂菫,SAILOR（セーラー万年筆）,青色
SHIKIORI ―四季織―　海松藍,SAILOR（セーラー万年筆）,緑色
SHIKIORI ―四季織―　蒼天,SAILOR（セーラー万年筆）,青色
SHIKIORI ―四季織―　土用,SAILOR（セーラー万年筆）,茶色
SHIKIORI ―四季織―　山鳥,SAILOR（セーラー万年筆）,緑色
SHIKIORI ―四季織―　奥山,SAILOR（セーラー万年筆）,赤色
SHIKIORI ―四季織―　囲炉裏,SAILOR（セーラー万年筆）,赤色
SHIKIORI ―四季織―　雪明,SAILOR（セーラー万年筆）,青色
SHIKIORI ―四季織―　若鶯,SAILOR（セーラー万年筆）,緑色
SHIKIORI ―四季織―　桜森,SAILOR（セーラー万年筆）,ピンク色
SHIKIORI ―四季織―　藤姿,SAILOR（セーラー万年筆）,紫色
SHIKIORI ―四季織―　利休茶,SAILOR（セーラー万年筆）,緑色
SHIKIORI ―四季織―　金木犀,SAILOR（セーラー万年筆）,黄色
SHIKIORI ―四季織―　仲秋,SAILOR（セーラー万年筆）,紫色
SHIKIORI ―四季織―　夜桜,SAILOR（セーラー万年筆）,ピンク色
SHIKIORI ―四季織―　夜焚,SAILOR（セーラー万年筆）,赤色
SHIKIORI ―四季織―　夜長,SAILOR（セーラー万年筆）,青色
SHIKIORI ―四季織―　霜夜,SAILOR（セーラー万年筆）,青色
SHIKIORI ―四季織―　しとしと,SAILOR（セーラー万年筆）,青色
SHIKIORI ―四季織―　ざあざあ,SAILOR（セーラー万年筆）,青色
SHIKIORI ―四季織―　はらはら,SAILOR（セーラー万年筆）,赤色
SHIKIORI ―四季織―　ぽつぽつ,SAILOR（セーラー万年筆）,紫色
SHIKIORI ―四季織―　夕燕,SAILOR（セーラー万年筆）,ピンク色
SHIKIORI ―四季織―　駒草,SAILOR（セーラー万年筆）,緑色
SHIKIORI ―四季織―　撫子,SAILOR（セーラー万年筆）,紫色
SHIKIORI ―四季織―　羚羊,SAILOR（セーラー万年筆）,茶色
SHIKIORI ―四季織―　花冠,SAILOR（セーラー万年筆）,ピンク色
SHIKIORI ―四季織―　笹舟,SAILOR（セーラー万年筆）,緑色
SHIKIORI ―四季織―　橡,SAILOR（セーラー万年筆）,茶色
SHIKIORI ―四季織―　雪兎,SAILOR（セーラー万年筆）,グレー
SHIKIORI ―四季織―　玉手箱,SAILOR（セーラー万年筆）,青色
SHIKIORI ―四季織―　鵲,SAILOR（セーラー万年筆）,青色
SHIKIORI ―四季織―　垂髪,SAILOR（セーラー万年筆）,緑色
SHIKIORI ―四季織―　風切羽,SAILOR（セーラー万年筆）,紫色
世界のティータイム　アフタヌーンティー,SAILOR（セーラー万年筆）,オレンジ色
ゆらめくインク　狐日和,SAILOR（セーラー万年筆）,茶色
ゆらめくインク　雨催,SAILOR（セーラー万年筆）,緑色
ゆらめくインク　白夜,SAILOR（セーラー万年筆）,グレー
ゆらめくインク　極夜,SAILOR（セーラー万年筆）,緑色
ゆらめくインク　極光,SAILOR（セーラー万年筆）,グレー
ゆらめくインク　凍空,SAILOR（セーラー万年筆）,緑色
ゆらめくインク　寒暁,SAILOR（セーラー万年筆）,グレー
ゆらめくインク　夕,SAILOR（セーラー万年筆）,茶色
ゆらめくインク　宵,SAILOR（セーラー万年筆）,グレー
ゆらめくインク　花心,SAILOR（セーラー万年筆）,茶色
ゆらめくインク　数寄心,SAILOR（セーラー万年筆）,緑色
ゆらめくインク　伊達心,SAILOR（セーラー万年筆）,紫色
ゆらめくインク　心隈,SAILOR（セーラー万年筆）,茶色
ゆらめくインク　戯れ心,SAILOR（セーラー万年筆）,グレー
STORiA MiX　レッド,SAILOR（セーラー万年筆）,赤色
STORiA MiX　ピンク,SAILOR（セーラー万年筆）,ピンク色
STORiA MiX　ブルー,SAILOR（セーラー万年筆）,青色
STORiA MiX　パープル,SAILOR（セーラー万年筆）,紫色
STORiA MiX　グリーン,SAILOR（セーラー万年筆）,緑色
STORiA MiX　イエローグリーン,SAILOR（セーラー万年筆）,緑色
STORiA MiX　イエロー,SAILOR（セーラー万年筆）,黄色
STORiA MiX　オレンジ,SAILOR（セーラー万年筆）,オレンジ色
極黒,SAILOR（セーラー万年筆）,黒
青墨,SAILOR（セーラー万年筆）,青色
蒼墨,SAILOR（セーラー万年筆）,黒
超黒,プラチナ万年筆,黒
ブルーブラック富士,プラチナ万年筆,青色
クラシックインク　カシスブラック,プラチナ万年筆,赤色
クラシックインク　フォレストブラック,プラチナ万年筆,緑色
クラシックインク　シトラスブラック,プラチナ万年筆,黄色
クラシックインク　カーキブラック,プラチナ万年筆,茶色
クラシックインク　セピアブラック,プラチナ万年筆,茶色
クラシックインク　ラベンダーブラック,プラチナ万年筆,紫色
万年筆用水性顔料インク　ローズレッド,プラチナ万年筆,赤色
万年筆用水性顔料インク　ブルー,プラチナ万年筆,青色
万年筆用水性顔料インク　ブランセピア,プラチナ万年筆,茶色
カーボンインク　ブラック,プラチナ万年筆,黒
万年筆用水性染料インク　ブラック,プラチナ万年筆,黒
万年筆用水性染料インク　レッド,プラチナ万年筆,赤色
万年筆用水性染料インク　ブルーブラック,プラチナ万年筆,青色
MIXABLE INK　スモークブラック,プラチナ万年筆,黒
MIXABLE INK　フレイムレッド,プラチナ万年筆,赤色
MIXABLE INK　シクラメンピンク,プラチナ万年筆,ピンク色
MIXABLE INK　シルキーパープル,プラチナ万年筆,紫色
MIXABLE INK　サニーイエロー,プラチナ万年筆,黄色
MIXABLE INK　リーフグリーン,プラチナ万年筆,緑色
MIXABLE INK　オーロラブルー,プラチナ万年筆,青色
MIXABLE INK　アクアブルー,プラチナ万年筆,青色
MIXABLE INK　アースブラウン,プラチナ万年筆,茶色